0|hfknlkjgwshbp|2020-06-13 21:57:38.835122
1|gscejnmffddfxrobpdan|2020-06-13 21:57:38.835160
2|tdhwmrkikaxwnlspbswqcixe|2020-06-13 21:57:38.835186
3|jtlgllbfalpwrwwndiht|2020-06-13 21:57:38.835206
4|vurokzulo|2020-06-13 21:57:38.835218
5|vipqvhbdyhbdhiqidvxsyuwifpjz|2020-06-13 21:57:38.835244
6|iaohabcgdekn|2020-06-13 21:57:38.835259
7|tggyriolvbxxkjxeepksxr|2020-06-13 21:57:38.835280
8|prrrhlyoadu|2020-06-13 21:57:38.835293
9|gbvgttjhsmbjcljpgyjprfvrjw|2020-06-13 21:57:38.835318
10|jfngapihcie|2020-06-13 21:57:38.835331
11|ehrlrkiqncazfujb|2020-06-13 21:57:38.835347
12|nsgll|2020-06-13 21:57:38.835356
13|cbpxhrhky|2020-06-13 21:57:38.835367
14|vtvgtrbbenjwrjfkjzygymlfeahbliv|2020-06-13 21:57:38.835396
15|vvtiupaijrxsohf|2020-06-13 21:57:38.835412
16|xtaflnzrzi|2020-06-13 21:57:38.835424
17|nofbdpqgiahjywguxhvl|2020-06-13 21:57:38.835444
18|iqsyaxacjjxidnvvnky|2020-06-13 21:57:38.835464
19|juljtukomzgsyr|2020-06-13 21:57:38.835479
20|ilanmmrgfycezbugcwhl|2020-06-13 21:57:38.835499
21|xngpkybtqtefsgcafykteeoz|2020-06-13 21:57:38.835526
22|hfpabbctxtgrmsfugwvkxfwkzhqzqxk|2020-06-13 21:57:38.835555
23|gdyymiuawevarpbtejb|2020-06-13 21:57:38.835574
24|eugyexc|2020-06-13 21:57:38.835584
25|zsqarnyzktrohqgmkr|2020-06-13 21:57:38.835601
26|cgzgejxnkvxyqvrbtgswop|2020-06-13 21:57:38.835624
27|bixwtqqinhayftjtstvwlsskhieitm|2020-06-13 21:57:38.835651
28|upohjxiuyfcbvedojfz|2020-06-13 21:57:38.835670
29|sroaiboraswnxyyuucfmbmmva|2020-06-13 21:57:38.835693
30|vqnavdnaxfrjz|2020-06-13 21:57:38.835708
31|hvgwigydbqovprynoat|2020-06-13 21:57:38.835727
32|qhdscffbuxpkwwjunibjvcfg|2020-06-13 21:57:38.835749
33|azayfrhxzkcrrjzb|2020-06-13 21:57:38.835766
34|snrtyfolbxnvqet|2020-06-13 21:57:38.835783
35|zwwozoviozrkkz|2020-06-13 21:57:38.835798
36|rduawohjledkiexyvxz|2020-06-13 21:57:38.835817
37|ywuxy|2020-06-13 21:57:38.835826
38|kviphmcadnlhhpwviiz|2020-06-13 21:57:38.835845
39|jywnhhziqltts|2020-06-13 21:57:38.835860
40|nvxskjrcqrtmwzxbqtwfikynibzcuzf|2020-06-13 21:57:38.835888
41|laxowewpsxrvtxcpqrehb|2020-06-13 21:57:38.835909
42|kahpsgvdtkj|2020-06-13 21:57:38.835922
43|kcfbrlxdgjavdumlgiztyvysbscmra|2020-06-13 21:57:38.835949
44|iilpyygdajnzs|2020-06-13 21:57:38.835964
45|mhslxesdzj|2020-06-13 21:57:38.835976
46|ugwohclhrrqvigojq|2020-06-13 21:57:38.835993
47|qvigh|2020-06-13 21:57:38.836002
48|smqcgwvy|2020-06-13 21:57:38.836013
49|twhglsagkvisxdeerzqm|2020-06-13 21:57:38.836033
50|zmajwtmjjpjxhjgpuknbbnbjb|2020-06-13 21:57:38.836056
51|wdagexzxxmieyacrsctbxflhdp|2020-06-13 21:57:38.836080
52|shfaoymyybemdpatdyuatehvyglb|2020-06-13 21:57:38.836106
53|wbmpbdmkizcra|2020-06-13 21:57:38.836122
54|analijuakzfh|2020-06-13 21:57:38.836135
55|dzpulcknuldmwv|2020-06-13 21:57:38.836150
56|btwotgjtpjpbeqdjalfusngvjipce|2020-06-13 21:57:38.836177
57|zaptmzijhcgfyjpvalevkevjjrso|2020-06-13 21:57:38.836202
58|okdvszztluvfkqvlzifeurrqdoypi|2020-06-13 21:57:38.836229
59|vujzkdoclpnybyqppbl|2020-06-13 21:57:38.836248
60|nofwzobuxpqas|2020-06-13 21:57:38.836262
61|veskglaljzkll|2020-06-13 21:57:38.836277
62|vvwyjmwxcvbz|2020-06-13 21:57:38.836291
63|nvnxikkaprapjchavb|2020-06-13 21:57:38.836310
64|vkzhbmkhbpnepnxpm|2020-06-13 21:57:38.836327
65|mohqvlonlabtnllgvlkq|2020-06-13 21:57:38.836347
66|vrmknofguz|2020-06-13 21:57:38.836359
67|nuuiwfqdkzgusni|2020-06-13 21:57:38.836374
68|szfvwotzvg|2020-06-13 21:57:38.836387
69|fknuoqneffuv|2020-06-13 21:57:38.836400
70|pzjgnzdufxphccznvbjfjcvqxy|2020-06-13 21:57:38.836424
71|uembixsogumwattkiknooimh|2020-06-13 21:57:38.836447
72|qibulqemxwnjxhvfwwucgmqrbnnijyd|2020-06-13 21:57:38.836476
73|zbuhfpfdfvjjvzjl|2020-06-13 21:57:38.836493
74|rhvvjpqdbzbt|2020-06-13 21:57:38.836507
75|fzribjplwlyblmchaub|2020-06-13 21:57:38.836526
76|gmuxxmk|2020-06-13 21:57:38.836537
77|qtzryspbnckdcvz|2020-06-13 21:57:38.836553
78|flvkusmtxhhuahcwtwe|2020-06-13 21:57:38.836572
79|ubrluduirwvmromnmfgt|2020-06-13 21:57:38.836591
80|ykarhp|2020-06-13 21:57:38.836601
81|niqiqnigjotnevdrz|2020-06-13 21:57:38.836619
82|oebskycnsufcydfnkvzydq|2020-06-13 21:57:38.836640
83|bujizjelkwngtiavf|2020-06-13 21:57:38.836657
84|lhimjsxowavotnlka|2020-06-13 21:57:38.836675
85|vtnfsgdbzzoywdpvppjqykn|2020-06-13 21:57:38.836696
86|rlewzkhntqdhglutjdkhwnqjdej|2020-06-13 21:57:38.836721
87|oajsbdkmhjhoelqoootmfwoszt|2020-06-13 21:57:38.836746
88|xlfudpwfdalajaoc|2020-06-13 21:57:38.836763
89|nstsfgieivwfy|2020-06-13 21:57:38.836778
90|oylpbzalrrovbmgkbal|2020-06-13 21:57:38.836797
91|hyvmxybpd|2020-06-13 21:57:38.836809
92|rdoocgexiapiktruzxacms|2020-06-13 21:57:38.836830
93|ftwvovneuclqnyojxmvoatlwfgqjr|2020-06-13 21:57:38.836856
94|kqkhdajjkoclziouhxtegobg|2020-06-13 21:57:38.836879
95|kkscztmmkdoqhls|2020-06-13 21:57:38.836895
96|gryvwdxiyjlgkasbphebtwbgx|2020-06-13 21:57:38.836918
97|kworlurvovy|2020-06-13 21:57:38.836931
98|imhgue|2020-06-13 21:57:38.836940
99|nlxlpvopdvffzemcvygoee|2020-06-13 21:57:38.836961
100|bwujrzzut|2020-06-13 21:57:38.836973
101|gbwdtxlfsgwwyckc|2020-06-13 21:57:38.836990
102|izmiqrqpdtiyviudafnwuzfwdployb|2020-06-13 21:57:38.837017
103|pcuaax|2020-06-13 21:57:38.837026
104|ginsvbxulkcofcdxbgrrvup|2020-06-13 21:57:38.837047
105|tcllmhujhaoowgbtzelaavgmdco|2020-06-13 21:57:38.837073
106|ayatbbnqjngkzsdakcmrmfvrhhbi|2020-06-13 21:57:38.837099
107|axnfk|2020-06-13 21:57:38.837108
108|ayuafjehyaeyejvzrn|2020-06-13 21:57:38.837127
109|mlmsvodren|2020-06-13 21:57:38.837139
110|tqwjmjibidzyfxqylfcupogs|2020-06-13 21:57:38.837162
111|xxzsy|2020-06-13 21:57:38.837171
112|oqkxaifpfsudvlscsgjzililnle|2020-06-13 21:57:38.837195
113|pzlowht|2020-06-13 21:57:38.837205
114|odhzdnynwreyvifedjgru|2020-06-13 21:57:38.837226
115|gjwcutkqtmttfuzbxuxxqw|2020-06-13 21:57:38.837248
116|elgjgq|2020-06-13 21:57:38.837257
117|trjuyoghejymtmaxseusuealnfl|2020-06-13 21:57:38.837282
118|tgtdlxfuihflwh|2020-06-13 21:57:38.837297
119|hanevy|2020-06-13 21:57:38.837307
120|yqxvyyngni|2020-06-13 21:57:38.837319
121|pzhquthymglpsyuvpabyyxyxk|2020-06-13 21:57:38.837342
122|txzwvirmwgqguift|2020-06-13 21:57:38.837359
123|oiixviztwbnntmbrlgf|2020-06-13 21:57:38.837378
124|qfbatpvtjp|2020-06-13 21:57:38.837390
125|zlvxwqaggvwoagvrxah|2020-06-13 21:57:38.837409
126|oekvxrwjyjk|2020-06-13 21:57:38.837422
127|edrldbociegsoltgpdrt|2020-06-13 21:57:38.837442
128|fypnifebxedjowwiwwsnplusdc|2020-06-13 21:57:38.837466
129|tbqhkqhlbuzrzxkxvodkvvafgc|2020-06-13 21:57:38.837491
130|fionzmugwulsbonez|2020-06-13 21:57:38.837508
131|kphnngppxtkd|2020-06-13 21:57:38.837521
132|eibhu|2020-06-13 21:57:38.837530
133|dxlruepadilmuf|2020-06-13 21:57:38.837545
134|qymwvtuxkjadrpew|2020-06-13 21:57:38.837562
135|wultvtdplrhbakbdtqinp|2020-06-13 21:57:38.837585
136|wjzpmymcpxntspdkrkwoyozjrndcn|2020-06-13 21:57:38.837612
137|logmqcgqmjwytusvipfupazhln|2020-06-13 21:57:38.837637
138|gvtgbshdxtlmbmbouzsvulylghzb|2020-06-13 21:57:38.837662
139|xjzlqykittabiskvwjbcpqwokyra|2020-06-13 21:57:38.837688
140|xgvmbispwnw|2020-06-13 21:57:38.837701
141|igiepnqztmmtssz|2020-06-13 21:57:38.837717
142|udqxmpvhzaqyktbpdiiq|2020-06-13 21:57:38.837738
143|ciftuzfgyzgonunvzap|2020-06-13 21:57:38.837757
144|cjfwodhgffw|2020-06-13 21:57:38.837770
145|athhzhduanj|2020-06-13 21:57:38.837783
146|zlgmjvfkgblapmqkbocfes|2020-06-13 21:57:38.837804
147|pzhnyrfzakgbmhnooyetwwnmvnna|2020-06-13 21:57:38.837830
148|ocxaubsdwvbsnq|2020-06-13 21:57:38.837845
149|zrdeqtlv|2020-06-13 21:57:38.837856
150|yeetree|2020-06-13 21:57:38.837866
151|qcoojsddhg|2020-06-13 21:57:38.837878
152|ptuzahbjankurhhsenozfrp|2020-06-13 21:57:38.837900
153|gbmzdnywxnhckyul|2020-06-13 21:57:38.837918
154|yhitmbrcrrgjifxz|2020-06-13 21:57:38.837937
155|kyfhstyl|2020-06-13 21:57:38.837948
156|igxqvqkqztdvwbrxn|2020-06-13 21:57:38.837965
157|byracwzahpwcfxitlfjalo|2020-06-13 21:57:38.837986
158|diryidppqziaxvkg|2020-06-13 21:57:38.838003
159|zvdyjygsmoxwgopibyfyilxkrimrr|2020-06-13 21:57:38.838029
160|irfploavcdfdoydm|2020-06-13 21:57:38.838046
161|jfivktgwhkr|2020-06-13 21:57:38.838059
162|nvcqhdljwxpuqumpzondbmbibzuix|2020-06-13 21:57:38.838086
163|bqhocueelymikffk|2020-06-13 21:57:38.838103
164|qpvjsibhqsveq|2020-06-13 21:57:38.838118
165|viynvqgfijctxete|2020-06-13 21:57:38.838135
166|kiyqpbmh|2020-06-13 21:57:38.838146
167|fuphjlxzuhjgynbwoclimebeuzy|2020-06-13 21:57:38.838171
168|slqgseegdfsms|2020-06-13 21:57:38.838223
169|yeirmrja|2020-06-13 21:57:38.838236
170|hgqkcuiqaxbavlogbrrecfkghbae|2020-06-13 21:57:38.838262
171|pbppdcsvcuuq|2020-06-13 21:57:38.838277
172|yogmyhazdywpmmybmzacwzn|2020-06-13 21:57:38.838299
173|sxnbvscoqet|2020-06-13 21:57:38.838312
174|erjduncepdokqzkqf|2020-06-13 21:57:38.838329
175|tbkkcdoqac|2020-06-13 21:57:38.838342
176|fqilambqdhpvaqegi|2020-06-13 21:57:38.838359
177|cywcuapyif|2020-06-13 21:57:38.838372
178|dmmmrryregviojhexyuswm|2020-06-13 21:57:38.838393
179|xjumvfyzwy|2020-06-13 21:57:38.838406
180|amirnflhdwrgdcvsbnsoideco|2020-06-13 21:57:38.838430
181|ccgruiionfjmevdmullncbjg|2020-06-13 21:57:38.838452
182|zcstaallgtdwmgmu|2020-06-13 21:57:38.838469
183|lnyoihnzaikbblk|2020-06-13 21:57:38.838485
184|mkumwvcluunadpunfqbexva|2020-06-13 21:57:38.838507
185|fhimlsabrbhdzwfbtzkdslrbjkzo|2020-06-13 21:57:38.838533
186|zjrxes|2020-06-13 21:57:38.838543
187|iaicunrtbkbxeogr|2020-06-13 21:57:38.838560
188|ixcxwrcviamputrriotygmdrplft|2020-06-13 21:57:38.838586
189|awevslwxsufwzbvitdcrjp|2020-06-13 21:57:38.838607
190|tkficzgvfkoadsvtocexknqdmnwk|2020-06-13 21:57:38.838633
191|ujfofkbhtjqasoam|2020-06-13 21:57:38.838650
192|kcpyawejikxtlxxepyvu|2020-06-13 21:57:38.838670
193|joocefpkd|2020-06-13 21:57:38.838682
194|vdkeicp|2020-06-13 21:57:38.838692
195|jyrvvezxwgaskeckegrhamqfhlm|2020-06-13 21:57:38.838718
196|fkxwhhlpjzxudojotgnvgahh|2020-06-13 21:57:38.838741
197|hlzzwkavypjcdshdxkvriml|2020-06-13 21:57:38.838763
198|hqxfhhfbtexbtzalawsw|2020-06-13 21:57:38.838783
199|rbmmuxeljxwsdrau|2020-06-13 21:57:38.838799
200|whijqqncfgwobjpetccczqgdmtihhdj|2020-06-13 21:57:38.838827
201|iztxgkexvrubg|2020-06-13 21:57:38.838842
202|mzkvovmqttupnuslentqe|2020-06-13 21:57:38.838863
203|yrmybzfdgrsukeziyrwmpfu|2020-06-13 21:57:38.838885
204|ercqwexcbuhsbrkx|2020-06-13 21:57:38.838902
205|uzgxpkvzfvvejxcgzylat|2020-06-13 21:57:38.838923
206|ntyifoapqlytdazo|2020-06-13 21:57:38.838940
207|rsihcx|2020-06-13 21:57:38.838949
208|bahtrwcunqigvpmpj|2020-06-13 21:57:38.838967
209|qniaucqro|2020-06-13 21:57:38.838979
210|hlgrmrtwctwni|2020-06-13 21:57:38.838994
211|nslvfemeinppuvaxsyyytdgru|2020-06-13 21:57:38.839018
212|jqhwxtxawvujrfkrwqwibutnqgumczb|2020-06-13 21:57:38.839046
213|lzigoxobvlyqeoth|2020-06-13 21:57:38.839064
214|aovzfpqrhvavjotzwoddkbxdttxsh|2020-06-13 21:57:38.839090
215|oeecrbtrzrf|2020-06-13 21:57:38.839104
216|pfjrpztbrglnybrn|2020-06-13 21:57:38.839121
217|ruvxmafisfjvbdbhgayvkjokgl|2020-06-13 21:57:38.839145
218|loohvgbgzljrqqsbtjk|2020-06-13 21:57:38.839166
219|njhazpeyhwdwobeak|2020-06-13 21:57:38.839183
220|lonjrifdzsmrwredgykfepcvtqnvdt|2020-06-13 21:57:38.839210
221|ltegiislpqjzrmlgfteddpozczsen|2020-06-13 21:57:38.839237
222|itfhdmzktsqsiakzafxtjqigerbkq|2020-06-13 21:57:38.839263
223|tvjmbs|2020-06-13 21:57:38.839273
224|scajzyrwtmihlgle|2020-06-13 21:57:38.839290
225|lzvqprowowjt|2020-06-13 21:57:38.839304
226|rgazrs|2020-06-13 21:57:38.839314
227|ttlili|2020-06-13 21:57:38.839323
228|uvrbht|2020-06-13 21:57:38.839332
229|slhzrwwssizzfcnszcu|2020-06-13 21:57:38.839351
230|vwuvnxxzut|2020-06-13 21:57:38.839363
231|qlucfdhbsakzetqevbsezryugmuo|2020-06-13 21:57:38.839390
232|deughzk|2020-06-13 21:57:38.839400
233|lxmvojryswbybwznkcaatmpvfj|2020-06-13 21:57:38.839424
234|zmlfhqvdbf|2020-06-13 21:57:38.839437
235|mznpudbiunwjqpoxadfazejzspat|2020-06-13 21:57:38.839464
236|jutwcjverl|2020-06-13 21:57:38.839476
237|uhzeofyilldobjbqt|2020-06-13 21:57:38.839494
238|sbzegewbfvhowlxzmupqkpfnod|2020-06-13 21:57:38.839518
239|vpreqm|2020-06-13 21:57:38.839527
240|nupwifuhgnmaqier|2020-06-13 21:57:38.839545
241|xphbrowaqmwynctsysvqqyiqjvsh|2020-06-13 21:57:38.839571
242|oznagcxokwnwhsjwpkd|2020-06-13 21:57:38.839590
243|rnjwcuwvlmatakhfqwqzncgkcc|2020-06-13 21:57:38.839614
244|wwsurebxrtnlolxwzijgjs|2020-06-13 21:57:38.839635
245|ahapokrwto|2020-06-13 21:57:38.839648
246|ztmlibmehdzjtwinlaguhixnaxjzldi|2020-06-13 21:57:38.839675
247|dxndbz|2020-06-13 21:57:38.839685
248|lpipxrvag|2020-06-13 21:57:38.839696
249|dcozxtflmdkbiixhyodivmffsfqrcax|2020-06-13 21:57:38.839724
250|tygycntqgogy|2020-06-13 21:57:38.839738
251|dwuswcsasfdusk|2020-06-13 21:57:38.839753
252|kuaakbfztubhwpgsbwi|2020-06-13 21:57:38.839772
253|lwovxgvoikaibhpqouzbmveyunant|2020-06-13 21:57:38.839800
254|lhrzooazncddvhntom|2020-06-13 21:57:38.839818
255|qtsythunxuw|2020-06-13 21:57:38.839831
256|agcoqp|2020-06-13 21:57:38.839840
257|bxaljioegoiuhgrdqqmxoajti|2020-06-13 21:57:38.839865
258|msuhxjpgwaqshe|2020-06-13 21:57:38.839880
259|skufejunagqc|2020-06-13 21:57:38.839894
260|ksiwwxmobrwikxndwszwezoe|2020-06-13 21:57:38.839916
261|bfaxohpgkcpkrwwlsndwerhyktwtxy|2020-06-13 21:57:38.839943
262|loyxinlmgvqjppfdsyvcotcnjbpjazj|2020-06-13 21:57:38.839971
263|hredpbxsgfdfn|2020-06-13 21:57:38.839986
264|yyrhozvhvuzbazgkuwaonuufpwci|2020-06-13 21:57:38.840013
265|mzbiromxgyzoap|2020-06-13 21:57:38.840029
266|iutafbfzhyumr|2020-06-13 21:57:38.840043
267|icvyivhzalqjagzzpdpjdumqvqbnfgk|2020-06-13 21:57:38.840112
268|rbsyqr|2020-06-13 21:57:38.840133
269|jqutdcuqimpemdujqvtzarh|2020-06-13 21:57:38.840158
270|dgldsoauhquh|2020-06-13 21:57:38.840173
271|ckrzog|2020-06-13 21:57:38.840184
272|ethkhjds|2020-06-13 21:57:38.840196
273|xrfccuwzxovmsoai|2020-06-13 21:57:38.840214
274|yepuringuioszhouhsp|2020-06-13 21:57:38.840233
275|itshapzvsxrjgfge|2020-06-13 21:57:38.840252
276|pzboyfuglexulkwgkzocdiupqg|2020-06-13 21:57:38.840277
277|fldolbgksbh|2020-06-13 21:57:38.840291
278|cpdfo|2020-06-13 21:57:38.840300
279|ytavpvjhcqxo|2020-06-13 21:57:38.840315
280|vztiugwxwcowiheekhfkbd|2020-06-13 21:57:38.840337
281|hnttvdloyoakuafmhkpp|2020-06-13 21:57:38.840358
282|auxvcrcmxdpuiwrbteeuqctc|2020-06-13 21:57:38.840395
283|wqbnlezvea|2020-06-13 21:57:38.840408
284|kwpeqqexyphgzvzyjvfjuuvgzgp|2020-06-13 21:57:38.840433
285|tmchg|2020-06-13 21:57:38.840441
286|yuetfadxdhx|2020-06-13 21:57:38.840454
287|xykhpvdxfw|2020-06-13 21:57:38.840467
288|kyevgrzd|2020-06-13 21:57:38.840477
289|lffojlpwjdbqfajmrbnsuyzkvzg|2020-06-13 21:57:38.840503
290|gbqgqeavhmryfjatszzkwunpymcjuhj|2020-06-13 21:57:38.840530
291|emefdxlwcckdzhzel|2020-06-13 21:57:38.840548
292|snhdjumqagyxtejsjjjkvugamzg|2020-06-13 21:57:38.840573
293|nrxgzusl|2020-06-13 21:57:38.840584
294|jnfzmqhjzxdyizd|2020-06-13 21:57:38.840600
295|kaplijkypvpwkqarwtcqsw|2020-06-13 21:57:38.840621
296|drawjinv|2020-06-13 21:57:38.840632
297|lrjjkdj|2020-06-13 21:57:38.840643
298|oegmuif|2020-06-13 21:57:38.840653
299|srlxiokqgxrktebxgxe|2020-06-13 21:57:38.840673
300|toqgikfckyoww|2020-06-13 21:57:38.840687
301|wkhvmaqowya|2020-06-13 21:57:38.840700
302|wkzczkubryuunyigzbvafpbhsfu|2020-06-13 21:57:38.840725
303|rwwhvakkxkinwmxszmftooaiyxclw|2020-06-13 21:57:38.840751
304|tgiharzhemsjnmmmdqqedb|2020-06-13 21:57:38.840772
305|eycpnxviaugjarclumpbg|2020-06-13 21:57:38.840793
306|dwhxocnxji|2020-06-13 21:57:38.840805
307|pfmvurebklswqtdxxhgrhjihquwn|2020-06-13 21:57:38.840831
308|mjojmpy|2020-06-13 21:57:38.840841
309|rtdlquwtceyzdjcfnsvzk|2020-06-13 21:57:38.840861
310|blzxwwzbnzz|2020-06-13 21:57:38.840875
311|sskrpjaokhplinnbpofgzbnrj|2020-06-13 21:57:38.840898
312|acygyeofmxoazvxuvhzppckepcu|2020-06-13 21:57:38.840923
313|vgstxgvdqcryzwddbkvxehmpr|2020-06-13 21:57:38.840946
314|gvopedveacykluifnugpqkery|2020-06-13 21:57:38.840969
315|schzzmnqrjvbmetzpschptxaqx|2020-06-13 21:57:38.840994
316|tlpsaiybdpzejlevbhqbgwpuwhsnvxs|2020-06-13 21:57:38.841022
317|wenihffrnq|2020-06-13 21:57:38.841036
318|sqewzqnftvtmu|2020-06-13 21:57:38.841052
319|zhyhtacu|2020-06-13 21:57:38.841062
320|mazwvuckwijlkmjhjqilasydjj|2020-06-13 21:57:38.841086
321|jwzvwavzlmnlblwbyuogxpu|2020-06-13 21:57:38.841108
322|fyfhlweuht|2020-06-13 21:57:38.841120
323|mwkxqxgfvnzxdtnykozcfupfasd|2020-06-13 21:57:38.841146
324|wsvdayknpcfu|2020-06-13 21:57:38.841160
325|fsoipovtcuohrrvtnvv|2020-06-13 21:57:38.841178
326|nmxamglixtqnl|2020-06-13 21:57:38.841192
327|vnvpvflymteakrnmiqdcvrbcvjgz|2020-06-13 21:57:38.841218
328|jvumucvjnhkolddpyykdnlcspb|2020-06-13 21:57:38.841242
329|wxgtzumkdhuffkxdvlnzfw|2020-06-13 21:57:38.841263
330|xtdamolcukphprf|2020-06-13 21:57:38.841279
331|hbshlobxljlrzeboiqu|2020-06-13 21:57:38.841298
332|rlagpgwtqzxyhrlddlajmh|2020-06-13 21:57:38.841319
333|wsrgznjoxekstav|2020-06-13 21:57:38.841388
334|jgpehsf|2020-06-13 21:57:38.841400
335|embecrjrjcq|2020-06-13 21:57:38.841414
336|mnzurrqfcql|2020-06-13 21:57:38.841427
337|hjzykrfuxhpzammow|2020-06-13 21:57:38.841444
338|fmxvubdpyodwybyejhmguzvsumgwuj|2020-06-13 21:57:38.841472
339|rqctsfxo|2020-06-13 21:57:38.841483
340|izxucghkzfsrxbrghpnhkdtqekgq|2020-06-13 21:57:38.841509
341|fcwjgkgwujmgwaoswkzmaoun|2020-06-13 21:57:38.841532
342|dcdbvnlddcztisatguisswinjx|2020-06-13 21:57:38.841557
343|cxbgej|2020-06-13 21:57:38.841566
344|njaej|2020-06-13 21:57:38.841575
345|yedqiddiezkwfmhwpy|2020-06-13 21:57:38.841593
346|wpfxbzjnjan|2020-06-13 21:57:38.841605
347|noymfk|2020-06-13 21:57:38.841614
348|chssspjpacubnvzytfseaoajlcdj|2020-06-13 21:57:38.841640
349|cactmubaiejsblh|2020-06-13 21:57:38.841657
350|zrbarjzeidmgmaumsetgb|2020-06-13 21:57:38.841677
351|sfgccs|2020-06-13 21:57:38.841686
352|fswkecmtntidfqrxjwjmqkvahtl|2020-06-13 21:57:38.841713
353|huxovmbkmq|2020-06-13 21:57:38.841725
354|yapgmldczyuxlidklhl|2020-06-13 21:57:38.841744
355|ailhsbyegpdburpueejwcjckwngfpub|2020-06-13 21:57:38.841772
356|yuhlxojxrzaivfle|2020-06-13 21:57:38.841789
357|uedqmlsamqarh|2020-06-13 21:57:38.841803
358|kloosptznpvglmloufzhudivd|2020-06-13 21:57:38.841827
359|vltckiddjwloneubjmic|2020-06-13 21:57:38.841847
360|zoaxwlqxuut|2020-06-13 21:57:38.841860
361|qrhafmxe|2020-06-13 21:57:38.841871
362|bfkgxtnvbtbcsufpmwbmfffbakta|2020-06-13 21:57:38.841896
363|uzcpnfifirbfqzbwmga|2020-06-13 21:57:38.841915
364|cjjsvlgtwkbzdd|2020-06-13 21:57:38.841931
365|bnbvx|2020-06-13 21:57:38.841939
366|hsnxwgtklfgkv|2020-06-13 21:57:38.841954
367|uhjnwfgtajxhzlckefkjja|2020-06-13 21:57:38.841975
368|qviqeuhaqnmb|2020-06-13 21:57:38.841989
369|skzlelxwobjntstuzfb|2020-06-13 21:57:38.842009
370|yenjpxuxcqpqtjzeodurozaescpdgo|2020-06-13 21:57:38.842035
371|cfwzatezuuuhbdquxnskgsc|2020-06-13 21:57:38.842057
372|mqezbinfleqkt|2020-06-13 21:57:38.842072
373|dtlzxppmxkzweblndmzl|2020-06-13 21:57:38.842091
374|omacvlxpj|2020-06-13 21:57:38.842102
375|iwlkzruo|2020-06-13 21:57:38.842113
376|sesiohsluafkhamtbghnk|2020-06-13 21:57:38.842133
377|jbwpysxcxtarilbogdukbbveakxmhu|2020-06-13 21:57:38.842161
378|slntydtsnefrfxlygzcwai|2020-06-13 21:57:38.842183
379|mygsu|2020-06-13 21:57:38.842191
380|iwhmcypwyklrmf|2020-06-13 21:57:38.842206
381|xjnkohcqbup|2020-06-13 21:57:38.842219
382|trsrqovqiv|2020-06-13 21:57:38.842232
383|hgwdumqhmlunhrfoiki|2020-06-13 21:57:38.842251
384|qaxbpaavlqpjtbyyyixeqfmtyjovw|2020-06-13 21:57:38.842277
385|fbhfaqaqlniovjozgrigqquhbbhtr|2020-06-13 21:57:38.842304
386|qzpymsywarlmqljnjnzhewedi|2020-06-13 21:57:38.842327
387|vkhyofdcjfpvnpns|2020-06-13 21:57:38.842344
388|wqhjps|2020-06-13 21:57:38.842353
389|jceumatfysh|2020-06-13 21:57:38.842366
390|ybpmmmlrhbamwbhuireakzhh|2020-06-13 21:57:38.842389
391|rgoeqovngrnopomkecmeltvewc|2020-06-13 21:57:38.842439
392|ygyfpijl|2020-06-13 21:57:38.842463
393|unrxwieposmllimvyhbtkn|2020-06-13 21:57:38.842487
394|wsizooxoqzetbl|2020-06-13 21:57:38.842503
395|bcobmpueqx|2020-06-13 21:57:38.842516
396|twfafq|2020-06-13 21:57:38.842525
397|owbxrvq|2020-06-13 21:57:38.842535
398|uyafbunwiikvomdbc|2020-06-13 21:57:38.842553
399|lubwwecamcivpi|2020-06-13 21:57:38.842568
400|lyecse|2020-06-13 21:57:38.842577
401|rlcxmhiiiuerziowiiccakwlbsymsqs|2020-06-13 21:57:38.842605
402|jtbcgtmrowcazannqdy|2020-06-13 21:57:38.842624
403|gdwthromqf|2020-06-13 21:57:38.842636
404|igaisk|2020-06-13 21:57:38.842645
405|klpqtcbijahuhixffglpididniw|2020-06-13 21:57:38.842670
406|mjogh|2020-06-13 21:57:38.842681
407|qrevmurvvqkeebpbyqxudjbwzpeucz|2020-06-13 21:57:38.842708
408|dykuuczkgidrmvtxmrduh|2020-06-13 21:57:38.842728
409|dkotgbufzvdccgphrbtgqlcm|2020-06-13 21:57:38.842752
410|rbvux|2020-06-13 21:57:38.842761
411|udxijizmprfilrrlre|2020-06-13 21:57:38.842779
412|rvvrikqlwpfmmrbcbpfzfpv|2020-06-13 21:57:38.842802
413|doldgaqteqzwjgrbcjderx|2020-06-13 21:57:38.842823
414|dfvzfppsvjhvlybcxleryhvddnnpuc|2020-06-13 21:57:38.842850
415|yvmfrvvvqbhsdfqherdrpplb|2020-06-13 21:57:38.842873
416|flwpojrbwudwtczjx|2020-06-13 21:57:38.842890
417|eyqdhuualubsbbndtqtodqzp|2020-06-13 21:57:38.842913
418|rzhntlcffs|2020-06-13 21:57:38.842925
419|biwbazv|2020-06-13 21:57:38.842935
420|xgjfrrsebveurcharppxm|2020-06-13 21:57:38.842955
421|hnvnugbilprinnydfkadkh|2020-06-13 21:57:38.842976
422|atmmnw|2020-06-13 21:57:38.842986
423|rpqkcixzmyfshztlijsk|2020-06-13 21:57:38.843006
424|bnldmdbdeclsibmuchctfwweclh|2020-06-13 21:57:38.843031
425|stirpdhdkg|2020-06-13 21:57:38.843043
426|dcebofkoiytgroau|2020-06-13 21:57:38.843060
427|ogzntfkbrbxcgvvkh|2020-06-13 21:57:38.843077
428|lnfbbuwwtnkcsnqldlwmedmxbwnmxb|2020-06-13 21:57:38.843105
429|vgapp|2020-06-13 21:57:38.843113
430|injpibkebaqdrnr|2020-06-13 21:57:38.843129
431|fcafwawxlxlcownjuhqxejklu|2020-06-13 21:57:38.843153
432|ijzwdihwdrew|2020-06-13 21:57:38.843167
433|hcrtwwznbhjtxye|2020-06-13 21:57:38.843183
434|adteiwaoeaogcusmtohhp|2020-06-13 21:57:38.843204
435|xlukxmsfmcicpqkvvoucdpc|2020-06-13 21:57:38.843226
436|yctoqtbgsgbvlyygaqcdlrtnv|2020-06-13 21:57:38.843249
437|mfhiaqjhgdpmubxywdndkzbycz|2020-06-13 21:57:38.843273
438|ibzgqxotombatgyciryjzilgde|2020-06-13 21:57:38.843297
439|cjyvwcnyalrhcjfmrltyqzrgqbljr|2020-06-13 21:57:38.843324
440|fhpkofgvterkobyhhau|2020-06-13 21:57:38.843343
441|ybssxorymcicynuehfkpe|2020-06-13 21:57:38.843364
442|bovccmyplvfyhbs|2020-06-13 21:57:38.843381
443|mjajouxetogajkuemdsszegc|2020-06-13 21:57:38.843403
444|kndvesvmseqrcb|2020-06-13 21:57:38.843418
445|bcvoe|2020-06-13 21:57:38.843427
446|vxqrftdj|2020-06-13 21:57:38.843440
447|lkriwtunpohpchbbmk|2020-06-13 21:57:38.843459
448|zgnsapjycrtimordgqpzduc|2020-06-13 21:57:38.843480
449|pkwczughufni|2020-06-13 21:57:38.843494
450|yigppdezispimudbq|2020-06-13 21:57:38.843512
451|yuqdhioi|2020-06-13 21:57:38.843523
452|josipiqotw|2020-06-13 21:57:38.843535
453|mkmqdeppucwjmyr|2020-06-13 21:57:38.843551
454|csfptalmamgiqcjzgx|2020-06-13 21:57:38.843570
455|klrvgnoxjvpbekhtujznmfthwqh|2020-06-13 21:57:38.843596
456|gnbgsserqyrurkjsymf|2020-06-13 21:57:38.843615
457|jswlcjrmpu|2020-06-13 21:57:38.843627
458|tjawuxcukmlfhsrwxcnfldvokzqyn|2020-06-13 21:57:38.843654
459|pxrlmvpqhtheyjx|2020-06-13 21:57:38.843670
460|magdvsvedpfgvlwf|2020-06-13 21:57:38.843688
461|ajpqxghc|2020-06-13 21:57:38.843699
462|mvmxqqzmbtobzknlqovusdz|2020-06-13 21:57:38.843721
463|vjujpnli|2020-06-13 21:57:38.843732
464|oqkzkiubyziatvka|2020-06-13 21:57:38.843749
465|lshjafatijtuwajmhewqnswt|2020-06-13 21:57:38.843771
466|dnwkkqwtbhlfyga|2020-06-13 21:57:38.843787
467|aivvyvnfomqsxicwwyj|2020-06-13 21:57:38.843807
468|yiqzhtmp|2020-06-13 21:57:38.843818
469|vzqvrcfjekqkiowqpkxpzfixmr|2020-06-13 21:57:38.843842
470|qtrajenxjylfhoz|2020-06-13 21:57:38.843858
471|csxntwtfwjuvpqmmnsftgeshdd|2020-06-13 21:57:38.843882
472|rvfzpmqbvptij|2020-06-13 21:57:38.843897
473|paifzkihdlqfejsykifdk|2020-06-13 21:57:38.843917
474|slakllqlubg|2020-06-13 21:57:38.843931
475|spidfuf|2020-06-13 21:57:38.843941
476|nfzgfmjktyeo|2020-06-13 21:57:38.843955
477|sooddr|2020-06-13 21:57:38.843964
478|dgppl|2020-06-13 21:57:38.843973
479|xmclgpxepgjpieuew|2020-06-13 21:57:38.843990
480|jnrirxjxvphrmo|2020-06-13 21:57:38.844006
481|shxxxrduyqzeboang|2020-06-13 21:57:38.844023
482|ligxuuhiyjewadlnuwznkvxexmp|2020-06-13 21:57:38.844048
483|qrofxrpr|2020-06-13 21:57:38.844059
484|hvbuwjlwlfwmkmidzkyl|2020-06-13 21:57:38.844079
485|gwcqucxmddzcqyft|2020-06-13 21:57:38.844096
486|avtkuofcsiskylibfgjllmvl|2020-06-13 21:57:38.844119
487|fubxhdlnh|2020-06-13 21:57:38.844130
488|cnkwchqo|2020-06-13 21:57:38.844141
489|grwsvslaxqxfamjjphlgtuzijrh|2020-06-13 21:57:38.844166
490|zcnsukxkhznuuvh|2020-06-13 21:57:38.844182
491|cvugfnykiseovgwehmdlrorkfklp|2020-06-13 21:57:38.844207
492|ixbnjgdhhkjopoocym|2020-06-13 21:57:38.844227
493|avotzrbpxmuphzuyrnshuyvpnbvr|2020-06-13 21:57:38.844252
494|knsiibl|2020-06-13 21:57:38.844263
495|lvstcnyvrqn|2020-06-13 21:57:38.844276
496|qwfmsxzfqpekxyylhj|2020-06-13 21:57:38.844294
497|dhyoogonygkwqofodjqsfnjzn|2020-06-13 21:57:38.844317
498|zsogpjpymzutqiieavjw|2020-06-13 21:57:38.844337
499|vbgahnbedwhuzbapmjbqlru|2020-06-13 21:57:38.844359
500|ahmszhmrsbwbntoncyfvg|2020-06-13 21:57:38.844379
501|bkfodvgdwkiadqanhwghjic|2020-06-13 21:57:38.844432
502|hjyevbsplkvjujzwfygnyqvqyfo|2020-06-13 21:57:38.844459
503|wrkozv|2020-06-13 21:57:38.844469
504|banivlj|2020-06-13 21:57:38.844479
505|zzvdz|2020-06-13 21:57:38.844488
506|xwtimsaxzgjqaodepd|2020-06-13 21:57:38.844506
507|myuvxxlqhkxhmcqqdxzhsjfnpqxyfn|2020-06-13 21:57:38.844533
508|vwnjdxevglncpyz|2020-06-13 21:57:38.844550
509|fwmzytsmlrebnvtfespvfuilscjmx|2020-06-13 21:57:38.844576
510|ouguwosftyfxjtiblqttmvxittyo|2020-06-13 21:57:38.844602
511|mitniw|2020-06-13 21:57:38.844612
512|crzsm|2020-06-13 21:57:38.844621
513|gjjnkwkebzdzeuovqjbwccede|2020-06-13 21:57:38.844646
514|yusupanuyefluzvuujfxyuyhiapqffl|2020-06-13 21:57:38.844675
515|hkthcdvjnmumtimpdu|2020-06-13 21:57:38.844693
516|ddiujsiftbvddqkgn|2020-06-13 21:57:38.844711
517|hdgseeyvawxpplwqzlztm|2020-06-13 21:57:38.844731
518|mvzgnnwjcvcevftgavnayrcbcg|2020-06-13 21:57:38.844757
519|oszvphuupqewlhhoe|2020-06-13 21:57:38.844775
520|ozybadfednjjwoqev|2020-06-13 21:57:38.844792
521|cpdjefgmotoiuggwryvdkjdeluoq|2020-06-13 21:57:38.844818
522|xxxoy|2020-06-13 21:57:38.844827
523|eiuoklehgrid|2020-06-13 21:57:38.844841
524|nldpfugadbmrrdzbecksjnhvtanwh|2020-06-13 21:57:38.844867
525|rwohcxofbgljvfgayrkquqaabaygo|2020-06-13 21:57:38.844893
526|kieurqmarowlhlfhlhrlszjusyfnkdc|2020-06-13 21:57:38.844921
527|zgbivtzsylpfatidhnsnxtgiss|2020-06-13 21:57:38.844946
528|nvvwsdajucgokyavhg|2020-06-13 21:57:38.844965
529|twumlaabquypqucsofwrzpzwaqt|2020-06-13 21:57:38.844990
530|iyxmvcqyh|2020-06-13 21:57:38.845002
531|fpmqhji|2020-06-13 21:57:38.845012
532|txuoyjt|2020-06-13 21:57:38.845022
533|utkugoajxuviaidfaion|2020-06-13 21:57:38.845041
534|vzhiptbdbmoayapfch|2020-06-13 21:57:38.845060
535|ohjusjlvsavuddzctkj|2020-06-13 21:57:38.845079
536|ttymyy|2020-06-13 21:57:38.845088
537|bbxydsgzigxvatqmhyyev|2020-06-13 21:57:38.845109
538|gbxzxdns|2020-06-13 21:57:38.845120
539|mzjldfkgmjrvud|2020-06-13 21:57:38.845135
540|eqsdiuekdhbandyluyv|2020-06-13 21:57:38.845153
541|xpmruywopishxl|2020-06-13 21:57:38.845168
542|pyzeioyohmnjprzpwngecyiqglilet|2020-06-13 21:57:38.845195
543|gthqgyonezanbwrllrnefgjufsbvfpi|2020-06-13 21:57:38.845223
544|jtzoomawsczxfqqvkc|2020-06-13 21:57:38.845242
545|eyptm|2020-06-13 21:57:38.845251
546|mkquiizdxdcvsvno|2020-06-13 21:57:38.845268
547|mzkihanoxnuuxhnpvn|2020-06-13 21:57:38.845286
548|zmtvztypfjqyy|2020-06-13 21:57:38.845300
549|gvpcdpyunyhtwz|2020-06-13 21:57:38.845316
550|nszjjmamsm|2020-06-13 21:57:38.845328
551|cbxbvc|2020-06-13 21:57:38.845337
552|injjbelykx|2020-06-13 21:57:38.845349
553|kkggvuxmkenfgezahjuu|2020-06-13 21:57:38.845369
554|ofigzqfnwscddmhdxmimngtbjx|2020-06-13 21:57:38.845394
555|gayoiixano|2020-06-13 21:57:38.845406
556|xkilmvtvhfbpgvicw|2020-06-13 21:57:38.845423
557|nsbbezgrjgnfdgt|2020-06-13 21:57:38.845439
558|iaeyvj|2020-06-13 21:57:38.845449
559|rwhovlafrxmqcgxzrnnwysqm|2020-06-13 21:57:38.845472
560|smusvipiiziponnqiifvtzc|2020-06-13 21:57:38.845495
561|wzgmudvrmbgnrxtdeubdodlacnlvwff|2020-06-13 21:57:38.845523
562|iymikcskyszrrjxbplhzhiglqy|2020-06-13 21:57:38.845548
563|lihpqrfxdicvza|2020-06-13 21:57:38.845563
564|krrtcnzzhzq|2020-06-13 21:57:38.845576
565|kvsciooncxidwgomenmnt|2020-06-13 21:57:38.845596
566|qesasbyjeqqgvowxdmxcwsazekfz|2020-06-13 21:57:38.845621
567|urrvtnxyfxvuzgn|2020-06-13 21:57:38.845637
568|cpatwmzsjkre|2020-06-13 21:57:38.845651
569|nsrvviunjljrv|2020-06-13 21:57:38.845665
570|nkxhjnsghoiavmxwpfuaxbzcdmh|2020-06-13 21:57:38.845690
571|qgeuan|2020-06-13 21:57:38.845699
572|dwwhfujsncjbkkbjxshqxkzyjmlwi|2020-06-13 21:57:38.845726
573|baiyakofyicvyyxzman|2020-06-13 21:57:38.845744
574|rfaetvaiijqxekop|2020-06-13 21:57:38.845762
575|ymuqgmpcfqosvtvg|2020-06-13 21:57:38.845780
576|skhxnmjxusgcqewqgixaf|2020-06-13 21:57:38.845800
577|fgddizjimqaopuiyrafgifvwgvtdb|2020-06-13 21:57:38.845827
578|zkhfkpqaxmhnqjxylntvtq|2020-06-13 21:57:38.845848
579|phvffzjbhrxsdjvxszbmmxm|2020-06-13 21:57:38.845871
580|nahvkyk|2020-06-13 21:57:38.845881
581|faeecxicmmpuy|2020-06-13 21:57:38.845895
582|joilmpvntlncccovlncdbr|2020-06-13 21:57:38.845916
583|bpagnfs|2020-06-13 21:57:38.845927
584|xsufmxlidqewjqcoenq|2020-06-13 21:57:38.845945
585|jdfymtssnppbxpxgiosnvjtvhrgb|2020-06-13 21:57:38.845971
586|eflwugcfw|2020-06-13 21:57:38.845983
587|iwmzrfile|2020-06-13 21:57:38.845995
588|zcdte|2020-06-13 21:57:38.846003
589|bgoxznectzfmwri|2020-06-13 21:57:38.846019
590|kjridzgtjlzqizumxznsjup|2020-06-13 21:57:38.846041
591|gqknam|2020-06-13 21:57:38.846051
592|qgvzbuogkhuxwrwwvt|2020-06-13 21:57:38.846163
593|tdrrfuparpzxc|2020-06-13 21:57:38.846190
594|ghxlxeptxtsojbtkypbvpr|2020-06-13 21:57:38.846223
595|rakyutlxsm|2020-06-13 21:57:38.846243
596|kxnegsqeerwggml|2020-06-13 21:57:38.846267
597|palcpdmyibwipyrhohmdkdtet|2020-06-13 21:57:38.846303
598|uanqdmnwonguxsfmrodzsio|2020-06-13 21:57:38.846338
599|kivxxioxnglvronmwjl|2020-06-13 21:57:38.846371
600|infjrjhsskqtrmu|2020-06-13 21:57:38.846396
601|urygmtmcmbjrrjkzwulgcmf|2020-06-13 21:57:38.846430
602|qwsykvqnc|2020-06-13 21:57:38.846448
603|ifgxsumtigymyvzjad|2020-06-13 21:57:38.846474
604|ttznbmeceljigvgbzflxoshlmgclm|2020-06-13 21:57:38.846517
605|sledrxavbylzbmsota|2020-06-13 21:57:38.846550
606|ihbwmmbcdtgsfjshbivvsepnnuymcgh|2020-06-13 21:57:38.846598
607|fvzafkxqfmrbupenaqfwestarvxm|2020-06-13 21:57:38.846645
608|zlelkbjgutlqatgrge|2020-06-13 21:57:38.846678
609|cbzuvruzhaknucxypoc|2020-06-13 21:57:38.846712
610|hdipamfaaaflrwlbrpwhzsiuzgksjre|2020-06-13 21:57:38.846755
611|tkmabdmevwybaqboxfllrb|2020-06-13 21:57:38.846777
612|gsyjnrlgmpdorntfxftp|2020-06-13 21:57:38.846797
613|ckblwuci|2020-06-13 21:57:38.846808
614|noeuatznm|2020-06-13 21:57:38.846820
615|mihpagpgxxihxxkbtt|2020-06-13 21:57:38.846839
616|oidehhwmneoluwkkhvyzitedlcxm|2020-06-13 21:57:38.846864
617|rxudyjfcwkncbcwowzhhhyrdu|2020-06-13 21:57:38.846887
618|ltcopukwehe|2020-06-13 21:57:38.846901
619|nbrabfqqntueztxa|2020-06-13 21:57:38.846918
620|azsgbqct|2020-06-13 21:57:38.846929
621|trdjmwavpwzsl|2020-06-13 21:57:38.846943
622|gwktmirfzczea|2020-06-13 21:57:38.846957
623|rhbnqauxclqkruexqlaehibsq|2020-06-13 21:57:38.846980
624|jyzrsghnrhsaodtusgv|2020-06-13 21:57:38.847000
625|ezadbiwnielliy|2020-06-13 21:57:38.847015
626|vhfvaqygkpzwkl|2020-06-13 21:57:38.847031
627|bdciydrloiwzwkigl|2020-06-13 21:57:38.847049
628|bgdxqyzrqfbxabbcbqrnwzdh|2020-06-13 21:57:38.847072
629|gqnlpvrnfclubvdyhkwzzowtpsl|2020-06-13 21:57:38.847098
630|leowmbnlulokvhyjhfxmzygctd|2020-06-13 21:57:38.847122
631|ftwzlpfvwi|2020-06-13 21:57:38.847134
632|daeqxqgnmvzardnp|2020-06-13 21:57:38.847151
633|pverxpaaojribdlakpczmdvpcmgxd|2020-06-13 21:57:38.847178
634|naveuudthklaidvdwachhupjuqx|2020-06-13 21:57:38.847202
635|mzjrrtjfikvy|2020-06-13 21:57:38.847216
636|vpypinhrkieiul|2020-06-13 21:57:38.847231
637|ccuetcfvyixvcnjsfkt|2020-06-13 21:57:38.847250
638|cusjvejpvnfrgh|2020-06-13 21:57:38.847265
639|gcubyjgqaoom|2020-06-13 21:57:38.847279
640|tsudusyauua|2020-06-13 21:57:38.847291
641|kgkeswaeatmyzwygrejyrna|2020-06-13 21:57:38.847314
642|dnbyzyxaaqa|2020-06-13 21:57:38.847327
643|yachlfjzwc|2020-06-13 21:57:38.847339
644|pzfduglsbohozivebifjt|2020-06-13 21:57:38.847359
645|qjjqptdowvxcqauppitveqvuntuzua|2020-06-13 21:57:38.847387
646|egefghnhhgbalvowxxgvnbmiq|2020-06-13 21:57:38.847410
647|ywuhwjllnufacxa|2020-06-13 21:57:38.847427
648|xjfnkocsvisgwhvtcbdvpyrogqbcumb|2020-06-13 21:57:38.847455
649|ypmxaooxpuv|2020-06-13 21:57:38.847468
650|huksbdilrldpbumbrrbagjawxm|2020-06-13 21:57:38.847492
651|iifgyawdtced|2020-06-13 21:57:38.847518
652|zsrztvkctjnhncmqjjekojelt|2020-06-13 21:57:38.847540
653|ikltrjizcbjrasx|2020-06-13 21:57:38.847556
654|mgbneqqfgjmauvlbbew|2020-06-13 21:57:38.847574
655|hcbetvmnoxjpoupcc|2020-06-13 21:57:38.847590
656|wbayfajfrwoesfagcqxk|2020-06-13 21:57:38.847609
657|azxcogstddftsjkrxmygegfth|2020-06-13 21:57:38.847631
658|cuypaujaufwktuaqg|2020-06-13 21:57:38.847649
659|jezpotozg|2020-06-13 21:57:38.847660
660|pslidioyfbxeusjndpfpcpbnwsy|2020-06-13 21:57:38.847683
661|tnraqemzthmlvn|2020-06-13 21:57:38.847697
662|ntxsaansiefepvcmkrazpiqea|2020-06-13 21:57:38.847719
663|mebwfqcodasjmiflxuvqau|2020-06-13 21:57:38.847739
664|tcbwxeou|2020-06-13 21:57:38.847749
665|fqysl|2020-06-13 21:57:38.847787
666|dvrsnhzqfxcfblnrofiwrmvyezxkb|2020-06-13 21:57:38.847813
667|hmzjff|2020-06-13 21:57:38.847822
668|wdppysgwxmfzjojaauxotnugeuera|2020-06-13 21:57:38.847847
669|gvtfmiqlhhkugvahhvmileiutfk|2020-06-13 21:57:38.847872
670|quuvemwnlljrowpu|2020-06-13 21:57:38.847888
671|qewhulft|2020-06-13 21:57:38.847899
672|ttvqqzteakqkvnpctbdtw|2020-06-13 21:57:38.847919
673|xajgkgyndbuzgk|2020-06-13 21:57:38.847933
674|dgseipsqcqtqmpcbphoqvwzlvae|2020-06-13 21:57:38.847956
675|lvfcjrjpobifjimkzmmhyjd|2020-06-13 21:57:38.847977
676|fhlwnichfojnjyqilhbprdkpfk|2020-06-13 21:57:38.848000
677|haukq|2020-06-13 21:57:38.848008
678|uvehjbjksgszsoo|2020-06-13 21:57:38.848023
679|rxegfwicfa|2020-06-13 21:57:38.848035
680|nzhtaxn|2020-06-13 21:57:38.848044
681|ysidsodoyfthphar|2020-06-13 21:57:38.848061
682|qykdmfycawxv|2020-06-13 21:57:38.848073
683|ccjmudczbbcaefeljvkmrsaghsx|2020-06-13 21:57:38.848097
684|dybcxuhx|2020-06-13 21:57:38.848107
685|ugcetnmjpxiayuiwl|2020-06-13 21:57:38.848124
686|orvjmidxfeqc|2020-06-13 21:57:38.848137
687|mazkfxrhkcbgmpiiedgbjy|2020-06-13 21:57:38.848157
688|eethfng|2020-06-13 21:57:38.848167
689|tgsjdurmnbsmqmvrurvbsoyhhagxv|2020-06-13 21:57:38.848191
690|jxhpax|2020-06-13 21:57:38.848200
691|gdiguatgehqzgnybmdlqghacal|2020-06-13 21:57:38.848224
692|xqcfgpsluqxrcdrrqnijevhurrif|2020-06-13 21:57:38.848248
693|ikvkfkwzdwjhnjmiq|2020-06-13 21:57:38.848265
694|strkob|2020-06-13 21:57:38.848274
695|tysrhqctwtniewfekfdcxcfalpm|2020-06-13 21:57:38.848298
696|kvkuqxjlxpt|2020-06-13 21:57:38.848310
697|tccbwbyczqssosqeewfxakjqjrjfz|2020-06-13 21:57:38.848335
698|ymzvjmdpeqp|2020-06-13 21:57:38.848347
699|mgzpbxwtrxd|2020-06-13 21:57:38.848359
700|umutgymeccmqnnwxbunvakaaoo|2020-06-13 21:57:38.848382
701|esnbnvymvlbosmloiefmqanyucxj|2020-06-13 21:57:38.848407
702|mxnrjtsrcyitq|2020-06-13 21:57:38.848421
703|yqodccjddpndntvqe|2020-06-13 21:57:38.848437
704|kdfczriexspljjicgmtfcnmfdckovad|2020-06-13 21:57:38.848463
705|vrdcfqbylzdvxxyksnvcpqmyevzswe|2020-06-13 21:57:38.848490
706|mvtubjfibcvxqabgcfpipvkhvp|2020-06-13 21:57:38.848512
707|axednzrkkuvfyjgrvgzs|2020-06-13 21:57:38.848532
708|tbvaaudeol|2020-06-13 21:57:38.848543
709|zjpoilpa|2020-06-13 21:57:38.848554
710|beoghnigsbwly|2020-06-13 21:57:38.848568
711|yfqoneoorlt|2020-06-13 21:57:38.848581
712|fwfsrlyvxalwngy|2020-06-13 21:57:38.848596
713|rscpdyazwakbbmlutpymqkaxuxr|2020-06-13 21:57:38.848620
714|lwtzcpg|2020-06-13 21:57:38.848629
715|fygxcshbyxgntkcypapbnjmdj|2020-06-13 21:57:38.848652
716|nsdctjtjrsyvtstb|2020-06-13 21:57:38.848668
717|anotnian|2020-06-13 21:57:38.848678
718|hokrnurpleyrkxxyibjjgz|2020-06-13 21:57:38.848699
719|tcayliyrlwtdeefim|2020-06-13 21:57:38.848715
720|kjuraajygakgyilgnbouwhx|2020-06-13 21:57:38.848736
721|digvzklsachd|2020-06-13 21:57:38.848749
722|vilexofxpgviganqdue|2020-06-13 21:57:38.848767
723|kxgjoetag|2020-06-13 21:57:38.848779
724|tuytsqbenpxedhbmkordtwmcsbs|2020-06-13 21:57:38.848803
725|zmdmhxdxfvlxyiyypcbqcjgnsvx|2020-06-13 21:57:38.848828
726|mowdgicnxxwj|2020-06-13 21:57:38.848841
727|drxbfquqgtdqkswphzvxfejikjjm|2020-06-13 21:57:38.848865
728|fhxmmfxpzrqn|2020-06-13 21:57:38.848878
729|hhrwodvvihkzuqvtadujbklfxgdd|2020-06-13 21:57:38.848903
730|yukmpj|2020-06-13 21:57:38.848912
731|yxardegjyoorhrljaqbdrlq|2020-06-13 21:57:38.848933
732|sipnuvcpnevfxlb|2020-06-13 21:57:38.848948
733|yjxqznw|2020-06-13 21:57:38.848958
734|tfgzh|2020-06-13 21:57:38.848966
735|cfjtauurtizzsv|2020-06-13 21:57:38.848981
736|cublgxdiotevfazqbl|2020-06-13 21:57:38.848999
737|oodijjvxmezbhzjqbej|2020-06-13 21:57:38.849017
738|foxaotuxptcowdecvcwyux|2020-06-13 21:57:38.849080
739|dittmerwuriyi|2020-06-13 21:57:38.849105
740|mxyyvyi|2020-06-13 21:57:38.849117
741|vemrmbdtynfku|2020-06-13 21:57:38.849132
742|qxbwjdyqb|2020-06-13 21:57:38.849143
743|jcprzuoogi|2020-06-13 21:57:38.849155
744|dgzgvzqzbnuhdulkra|2020-06-13 21:57:38.849186
745|ckoogtd|2020-06-13 21:57:38.849196
746|yklnricequs|2020-06-13 21:57:38.849208
747|ekccoktnlfwk|2020-06-13 21:57:38.849221
748|maphfk|2020-06-13 21:57:38.849230
749|chnylrqvsbtkof|2020-06-13 21:57:38.849244
750|kxhikojphofrgctutvk|2020-06-13 21:57:38.849262
751|oyxiidvkztlkzqqsxtygsnsone|2020-06-13 21:57:38.849286
752|zvwfbvnigvuvgwu|2020-06-13 21:57:38.849301
753|pzriomfapxzenymmhl|2020-06-13 21:57:38.849318
754|xonfsyrpgkxiajegejycdew|2020-06-13 21:57:38.849339
755|canqtrqexmvspjqiosjjbdxslqri|2020-06-13 21:57:38.849363
756|lfvxjynqzlqmevlmcedbfpysboygkq|2020-06-13 21:57:38.849389
757|ggmmgilqjujekssjlfzzwcwc|2020-06-13 21:57:38.849412
758|sdbnkdldqd|2020-06-13 21:57:38.849424
759|jubjdpvvprjs|2020-06-13 21:57:38.849438
760|dunyoqyhdbbjoeqqznrfieders|2020-06-13 21:57:38.849460
761|bmhlrilitmvmhbtkqoijo|2020-06-13 21:57:38.849480
762|yntuiymjmmvpcoaburfdzlhaccgaasn|2020-06-13 21:57:38.849506
763|mwfprzzglmbmog|2020-06-13 21:57:38.849520
764|tefmco|2020-06-13 21:57:38.849529
765|pkomcjfcjifgdlruzxoxxt|2020-06-13 21:57:38.849550
766|angkjckftjjkwo|2020-06-13 21:57:38.849565
767|edvpwwsvqjkfvi|2020-06-13 21:57:38.849579
768|bcvkwvmbwqimuimojj|2020-06-13 21:57:38.849596
769|ebnggbxedyynhjojoenbmspne|2020-06-13 21:57:38.849618
770|lglgpdmzdqppgyexuewvvsegmrypsm|2020-06-13 21:57:38.849644
771|ewiczuorzzwwix|2020-06-13 21:57:38.849658
772|gagdtkavlklrjklmbexxrswnrqwtvoy|2020-06-13 21:57:38.849684
773|dytefswztgtqzoptjswhdqtqtl|2020-06-13 21:57:38.849707
774|qhznmnz|2020-06-13 21:57:38.849717
775|ctjtqvpftmnfamlaru|2020-06-13 21:57:38.849734
776|letlmwrzldporgiazuorjqj|2020-06-13 21:57:38.849755
777|nxwkxzwesutgoemyacj|2020-06-13 21:57:38.849773
778|zxzcnffuyr|2020-06-13 21:57:38.849785
779|jbuxvenxv|2020-06-13 21:57:38.849796
780|sbtncjntxc|2020-06-13 21:57:38.849807
781|qrcvp|2020-06-13 21:57:38.849816
782|oxbvqpepcnyfqkxbpmxtrzutqqwh|2020-06-13 21:57:38.849841
783|fcxeooqkhvdbi|2020-06-13 21:57:38.849854
784|wrecyniqbtjoropvgscr|2020-06-13 21:57:38.849873
785|jlhexfqqgwpp|2020-06-13 21:57:38.849886
786|rfhvpnupoklcufwlpsavwacgeqpnkj|2020-06-13 21:57:38.849912
787|vmdwrvudtlacctyf|2020-06-13 21:57:38.849928
788|apqnwxsmxockuqu|2020-06-13 21:57:38.849943
789|mepzdbquhzjuugyh|2020-06-13 21:57:38.849958
790|ngcrgjiospkjctdqlutxkemh|2020-06-13 21:57:38.849980
791|lhxnnzdnclvomdrqowilaiduoh|2020-06-13 21:57:38.850003
792|ldnpnxwfizrupkdbokthvtzefyuif|2020-06-13 21:57:38.850029
793|kystmnrxiqmiadckljazkhfpadoel|2020-06-13 21:57:38.850054
794|kgnimu|2020-06-13 21:57:38.850063
795|rodkb|2020-06-13 21:57:38.850071
796|kmapqfjztxmoimhlhimvemjucqs|2020-06-13 21:57:38.850095
797|drvepu|2020-06-13 21:57:38.850104
798|kvcbvvzabsicgownbbuzo|2020-06-13 21:57:38.850123
799|uvrkvidbfmivoexrpsgqezpkjwq|2020-06-13 21:57:38.850146
800|nugzexmvhfqncjjdzyzbxqjryrecxzn|2020-06-13 21:57:38.850173
801|wojtiskcwkllracywu|2020-06-13 21:57:38.850190
802|zsioehrsnyxw|2020-06-13 21:57:38.850203
803|svytxxkwuwimktxalfkbtzbkfhiruhp|2020-06-13 21:57:38.850229
804|mcybggigcsoaugowvfmkx|2020-06-13 21:57:38.850249
805|yapiwyqbnieok|2020-06-13 21:57:38.850263
806|gjfrhzupruflphejvonuzkxxw|2020-06-13 21:57:38.850285
807|maqwmbgvjfcpwkonibin|2020-06-13 21:57:38.850303
808|bpltoiegnjfoeeuauob|2020-06-13 21:57:38.850322
809|bueyrgzuxbq|2020-06-13 21:57:38.850334
810|hfhjwvpdazpmoco|2020-06-13 21:57:38.850349
811|quwukvdgaeu|2020-06-13 21:57:38.850362
812|ooozqgnrynvlatlkawtxebb|2020-06-13 21:57:38.850382
813|cldvbloaeranhdglwwq|2020-06-13 21:57:38.850400
814|hanumfrud|2020-06-13 21:57:38.850412
815|syltyisnpthm|2020-06-13 21:57:38.850424
816|tutmtmcepselnqqvzvlfaqkrrjydc|2020-06-13 21:57:38.850449
817|huazc|2020-06-13 21:57:38.850457
818|bbijdngloijekjengrjezztyfbgorb|2020-06-13 21:57:38.850483
819|yfrscszwzrbpthwfpghcpypn|2020-06-13 21:57:38.850505
820|dtzavxsjs|2020-06-13 21:57:38.850516
821|ydlfkiumdevpzediadmhuwik|2020-06-13 21:57:38.850537
822|rdgbbcxfhnoklruyp|2020-06-13 21:57:38.850554
823|ppslovvbluxojwbnnhn|2020-06-13 21:57:38.850572
824|iflbslxdfr|2020-06-13 21:57:38.850584
825|xmjhekhdkqqm|2020-06-13 21:57:38.850596
826|eilbbhiowbqotkaajrvzlvlynueek|2020-06-13 21:57:38.850621
827|xflfkp|2020-06-13 21:57:38.850630
828|vigstezamebjjgasisq|2020-06-13 21:57:38.850648
829|gpoqtum|2020-06-13 21:57:38.850657
830|cmynadqs|2020-06-13 21:57:38.850667
831|oojawiuqldvonrtchaghccgrsklac|2020-06-13 21:57:38.850725
832|bexsgvuqulakryxgbptvn|2020-06-13 21:57:38.850746
833|tpugpmbkxwpeoqozarwqwvayrq|2020-06-13 21:57:38.850769
834|txydvlywgxstohvdyojvhfkiq|2020-06-13 21:57:38.850792
835|yflpliefalm|2020-06-13 21:57:38.850804
836|wjqmiccjftzjzpgz|2020-06-13 21:57:38.850821
837|ssnzxvsqxcggmgtgqabykqzdpimolbg|2020-06-13 21:57:38.850848
838|nxfvfknkxbhdtezjp|2020-06-13 21:57:38.850865
839|dlakuglaqtvuslpttflxwhphynr|2020-06-13 21:57:38.850888
840|gqqgeddoiosbvnzgtdxxmpvsmeyi|2020-06-13 21:57:38.850912
841|uqevwy|2020-06-13 21:57:38.850922
842|bdvwcrqdwwwsssd|2020-06-13 21:57:38.850937
843|dbjmvkksfcrnhlrlwimf|2020-06-13 21:57:38.850956
844|nrnqrq|2020-06-13 21:57:38.850964
845|jiuoxyrvheputxqsdodnavchio|2020-06-13 21:57:38.850988
846|fsrdbfznlfcnshwqeyedklsyfyngd|2020-06-13 21:57:38.851013
847|ltmonlvarwinqiobg|2020-06-13 21:57:38.851029
848|xdeqeqeyclnulihioameuofb|2020-06-13 21:57:38.851051
849|xfvcopvjbw|2020-06-13 21:57:38.851063
850|xuwgffvlnom|2020-06-13 21:57:38.851075
851|tqtdxzgvghqikvkkvrd|2020-06-13 21:57:38.851093
852|hbgvxlliov|2020-06-13 21:57:38.851105
853|lktpnjsrfewlnaffgczhyovjbilpd|2020-06-13 21:57:38.851129
854|dttsnerghnsordsxhxwwbtemapvd|2020-06-13 21:57:38.851153
855|iwezqpgryggwyavnddyiitvmjsnhuwe|2020-06-13 21:57:38.851180
856|cepiondhfiovvec|2020-06-13 21:57:38.851195
857|qxutoziodwpjejgztbf|2020-06-13 21:57:38.851213
858|nyryhhn|2020-06-13 21:57:38.851223
859|zqiqoxnwkhzxwcycpocsiosvwd|2020-06-13 21:57:38.851245
860|bngllcoptzmlsacdrzshdfodks|2020-06-13 21:57:38.851268
861|viftyuegrx|2020-06-13 21:57:38.851280
862|xcylshoj|2020-06-13 21:57:38.851290
863|lnclllvjlb|2020-06-13 21:57:38.851302
864|yekxfil|2020-06-13 21:57:38.851311
865|taxrdzhdhnsduifwy|2020-06-13 21:57:38.851328
866|djipuhuhpqqcumykjrktezob|2020-06-13 21:57:38.851349
867|dsqcrgnmebm|2020-06-13 21:57:38.851362
868|nolxjrqceuelljylxqldlgfwmltzoo|2020-06-13 21:57:38.851388
869|nfkopngfagynkkmt|2020-06-13 21:57:38.851404
870|lnroiyxvebvqahidmbibwkfyaw|2020-06-13 21:57:38.851426
871|xzmnczqwl|2020-06-13 21:57:38.851437
872|uopcrkdyjeja|2020-06-13 21:57:38.851451
873|ednujweiwculmn|2020-06-13 21:57:38.851465
874|djyrhwv|2020-06-13 21:57:38.851475
875|itlzajjpttumkbvbadnnkylbtddh|2020-06-13 21:57:38.851499
876|comgz|2020-06-13 21:57:38.851508
877|zbtwb|2020-06-13 21:57:38.851516
878|gpzzcmtnuiifclxoqbdhoh|2020-06-13 21:57:38.851536
879|vskhincaseajwzgkldkabxbnxf|2020-06-13 21:57:38.851559
880|znvkhvf|2020-06-13 21:57:38.851568
881|zkpugucwxdaffjkhvigdlxlog|2020-06-13 21:57:38.851591
882|jgtsgkrmpfrbglijgnofryjalbony|2020-06-13 21:57:38.851637
883|iwwkmhmhjcoxkdmrzhnfmu|2020-06-13 21:57:38.851686
884|cqswxcu|2020-06-13 21:57:38.851716
885|hzboiqonegrcrkqsrdcqxnqdb|2020-06-13 21:57:38.851742
886|lolrshsraommvgmj|2020-06-13 21:57:38.851758
887|uvkoaf|2020-06-13 21:57:38.851770
888|sofgvbwyliqpxxeuphhalekm|2020-06-13 21:57:38.851822
889|vbuqwc|2020-06-13 21:57:38.851836
890|cyhyutphmndlkgmvmi|2020-06-13 21:57:38.851868
891|mzphxdaepliejkfrujus|2020-06-13 21:57:38.851887
892|rjavevyencppmsiwaseb|2020-06-13 21:57:38.851906
893|jdvrwdog|2020-06-13 21:57:38.851916
894|wbxugcp|2020-06-13 21:57:38.851926
895|qtnhqerenzuvw|2020-06-13 21:57:38.851940
896|cbktnbyovidwem|2020-06-13 21:57:38.851954
897|dqgganuros|2020-06-13 21:57:38.851966
898|qrkdkfhqvjf|2020-06-13 21:57:38.851978
899|uamzskqfeafpqwwejltcdlc|2020-06-13 21:57:38.852000
900|dujbjbradmayviyxjjvhneqmfsqc|2020-06-13 21:57:38.852024
901|ewmxjeavnnhdlnycwupwqvmfoyoj|2020-06-13 21:57:38.852048
902|gnovgdgmcgjkdxxqnhsdcdvvlbikwj|2020-06-13 21:57:38.852074
903|ubzmzxkspetglukgrhbeirdwltoc|2020-06-13 21:57:38.852099
904|esxjiehahushagpqnmkwvgax|2020-06-13 21:57:38.852121
905|rsyvdoezea|2020-06-13 21:57:38.852133
906|lgcsjnczleiolmugpewcvtkhfb|2020-06-13 21:57:38.852156
907|ncivrvmkfnvyzou|2020-06-13 21:57:38.852171
908|otkpivnlcjt|2020-06-13 21:57:38.852183
909|wvqlcpnqhyhsn|2020-06-13 21:57:38.852197
910|ioszhjuhxe|2020-06-13 21:57:38.852209
911|kbzqoz|2020-06-13 21:57:38.852217
912|opwtsqi|2020-06-13 21:57:38.852227
913|lsdjgo|2020-06-13 21:57:38.852236
914|rowgodmnfhwwzehlnq|2020-06-13 21:57:38.852253
915|lzhgubkcmlwuhwpwahnrqm|2020-06-13 21:57:38.852273
916|fkwotlblfetcdyysvuuykgclyt|2020-06-13 21:57:38.852296
917|qdhmknqlzuxxe|2020-06-13 21:57:38.852310
918|jouykrsavutavkc|2020-06-13 21:57:38.852326
919|pgpddcnxpytqlrlxbfotmknr|2020-06-13 21:57:38.852347
920|kvaocfkdeser|2020-06-13 21:57:38.852361
921|fqdwmoclntouyrriz|2020-06-13 21:57:38.852377
922|fplgugqx|2020-06-13 21:57:38.852387
923|buywctkcwnlrfvxfbqoxtnramo|2020-06-13 21:57:38.852411
924|bgjqjehqvmehz|2020-06-13 21:57:38.852425
925|onztxyi|2020-06-13 21:57:38.852434
926|fzecugqohwopzziiu|2020-06-13 21:57:38.852451
927|uygrwfamjuj|2020-06-13 21:57:38.852464
928|bajxchdyzkuhev|2020-06-13 21:57:38.852478
929|cnvqw|2020-06-13 21:57:38.852487
930|vwbplw|2020-06-13 21:57:38.852495
931|fhtwwyxca|2020-06-13 21:57:38.852506
932|immpxavxhtdrtfvopbamlplgtcbzo|2020-06-13 21:57:38.852530
933|kmpmvuoxrigvyvwq|2020-06-13 21:57:38.852547
934|bcnqoubtadvahx|2020-06-13 21:57:38.852561
935|vyaoecfhbnhtvddqaelfkj|2020-06-13 21:57:38.852581
936|dqjtujfnpaxecuwqvkkikllthvhltj|2020-06-13 21:57:38.852606
937|dicacfjllnpejjncwnnssnspxkvn|2020-06-13 21:57:38.852630
938|haysaodecabhf|2020-06-13 21:57:38.852644
939|kkpsxhwoigfydrnmgt|2020-06-13 21:57:38.852661
940|dsobnbzbwurwvn|2020-06-13 21:57:38.852676
941|huralvappehblrgmjoxldzksv|2020-06-13 21:57:38.852698
942|wwkoivvkcpkfkmkjadgzwkva|2020-06-13 21:57:38.852720
943|jgdnjmmfymqsyzvnbxdq|2020-06-13 21:57:38.852739
944|cxwkncdqpylrtuvnpjfquaeu|2020-06-13 21:57:38.852761
945|szzqihzaverftrnopvqyeyc|2020-06-13 21:57:38.852782
946|ygtgtzhmsgnmtoumyhvvtar|2020-06-13 21:57:38.852802
947|mbbrdnmbjaxlzi|2020-06-13 21:57:38.852817
948|owdcoi|2020-06-13 21:57:38.852826
949|tbrolvuzogfvqznefibcq|2020-06-13 21:57:38.852845
950|sotramcopcmkxaqi|2020-06-13 21:57:38.852860
951|yjsqmikwvoyuxkfwdzvcewrovthgn|2020-06-13 21:57:38.852885
952|rrdtnfmwrlttmkp|2020-06-13 21:57:38.852901
953|hkduhfamhhnzldctphpartssmbqymk|2020-06-13 21:57:38.852927
954|dwcfaiaplaeypgyvjgfh|2020-06-13 21:57:38.852945
955|thxpptgihecoughkxowm|2020-06-13 21:57:38.852964
956|atitpbhfdkpyyddnveimkfxchmr|2020-06-13 21:57:38.852988
957|msbzcmmzupwku|2020-06-13 21:57:38.853003
958|zukfocuhaqyshq|2020-06-13 21:57:38.853018
959|meqwffctapwcocksuqjvhjh|2020-06-13 21:57:38.853039
960|zteldkyubzcespidndpbngvwfwntyec|2020-06-13 21:57:38.853065
961|dqnjpgpybqbpkiatenzw|2020-06-13 21:57:38.853084
962|qjkzmmxfbuofcqeybhqq|2020-06-13 21:57:38.853103
963|rqfsiaimstifjygtllqthhpcx|2020-06-13 21:57:38.853125
964|psguthamssrl|2020-06-13 21:57:38.853138
965|dqliinpwsgbmhhzhhtdty|2020-06-13 21:57:38.853158
966|cpijlmjvsys|2020-06-13 21:57:38.853170
967|vkdhmzcarehukvyyxdsqyishndgz|2020-06-13 21:57:38.853194
968|mkikmtmmpvaghzvbbvvatuctif|2020-06-13 21:57:38.853217
969|mzfeg|2020-06-13 21:57:38.853225
970|uosgfjroqvajprcvlulrcsze|2020-06-13 21:57:38.853247
971|cbrzdafibascp|2020-06-13 21:57:38.853261
972|yewzafggugrvydomcqph|2020-06-13 21:57:38.853280
973|oyscrhorf|2020-06-13 21:57:38.853291
974|eiamlnpdptjyzvjpqbkrch|2020-06-13 21:57:38.853311
975|yqzbolijkgvtuzyhgytxrveqofdn|2020-06-13 21:57:38.853335
976|xnmyxcsiu|2020-06-13 21:57:38.853346
977|ggxfmamtjza|2020-06-13 21:57:38.853359
978|fdvhkljvamjouhxwlivqyzdbsghe|2020-06-13 21:57:38.853383
979|abivvzcmxumrzb|2020-06-13 21:57:38.853397
980|gtihotdmcvwjlglkooddrwpldaogt|2020-06-13 21:57:38.853422
981|enmgupstsivvvpfwikggjnsdbuq|2020-06-13 21:57:38.853446
982|gtxfpcqzcofedcqkpwxnzegzhvr|2020-06-13 21:57:38.853470
983|azhigimdhtohkxvesmaqlqf|2020-06-13 21:57:38.853492
984|yistvndxvgddcccgfedatqe|2020-06-13 21:57:38.853513
985|objbvwshplzabstrbbnnvg|2020-06-13 21:57:38.853533
986|milnnvwfrvsavc|2020-06-13 21:57:38.853547
987|jjdhrzccqdkr|2020-06-13 21:57:38.853560
988|pphkddufnzingcsxp|2020-06-13 21:57:38.853577
989|wognkocdbyw|2020-06-13 21:57:38.853589
990|ymmsbgqxedryytzaclxedycciejtjn|2020-06-13 21:57:38.853615
991|yunrlfxscuchcoyixhfjaoem|2020-06-13 21:57:38.853636
992|vimsnojte|2020-06-13 21:57:38.853647
993|tjaxpwyyzvxpnfbfgessdvvpolznc|2020-06-13 21:57:38.853672
994|vhtarcggmlpujewekdopsbs|2020-06-13 21:57:38.853693
995|iagillz|2020-06-13 21:57:38.853730
996|bmprwcfpiwbfyfmlzvly|2020-06-13 21:57:38.853750
997|lsusjbteldprwtygtjzlvfzwiy|2020-06-13 21:57:38.853774
998|vxgyvyubqaugcktczga|2020-06-13 21:57:38.853792
999|exusrpclzexylxklevbghlou|2020-06-13 21:57:38.853814
